Comment,Designator,Footprint,LCSC
"8pF","C1,C2","Capacitor_SMD:C_0603_1608Metric","C346204"
"10uF","C6,C14,C16,C22,C35,C39,C43,C44,C46","Capacitor_SMD:C_0603_1608Metric","C1691"
"100uF","C19,C20","Capacitor_SMD:C_1210_3225Metric","C49066"
"2.2uF","C23","Capacitor_SMD:C_0603_1608Metric","C23630"
"22nF","C25","Capacitor_SMD:C_0603_1608Metric","C21122"
"3.3nF","C26,C32","Capacitor_SMD:C_0603_1608Metric","C1613"
"4.7uF","C29,C34","Capacitor_SMD:C_0603_1608Metric","C1705"
"0.1uF","C3,C5,C7,C9,C10,C11,C21,C24,C30,C45","Capacitor_SMD:C_0603_1608Metric","C1591"
"22uF","C17,C18,C28,C31,C37,C38","Capacitor_SMD:C_0603_1608Metric","C59461"
"47nF","C36","Capacitor_SMD:C_0603_1608Metric","C1622"
"1uF","C4,C12,C13,C15,C27,C33","Capacitor_SMD:C_0603_1608Metric","C1592"
"10nF","C8,C40,C41,C42","Capacitor_SMD:C_0603_1608Metric","C1589"
"WS2812B","D1","LED_SMD:LED_WS2812B_PLCC4_5.0x5.0mm_P3.2mm","NotAvailable"
"DFLS130L","D2,D4","mainboard:PWRDI-123","C5380706"
"GREEN LED","D5","LED_SMD:LED_0603_1608Metric","NotAvailable"
"MountingHole_Pad","H1,H2,H3,H4","MountingHole:MountingHole_3.2mm_M3_DIN965_Pad",""
"503182-1852","J1","mainboard:MOLEX_503182-1852","NotAvailable"
"Conn_01x04","J10","Connector_PinHeader_2.54mm:PinHeader_1x04_P2.54mm_Vertical","C780062"
"10118194-0001LF","J11","mainboard:10118194-0001LF",""
"USB_C_Receptacle_USB2.0","J13","mainboard:USB_C_Receptacle_XKB_U262-161N-4BVC11","NotAvailable"
"Conn_01x06","J14","Connector_PinHeader_2.54mm:PinHeader_1x06_P2.54mm_Vertical","C2883763"
"Conn_01x02","J15","mainboard:PinHeader_CUSTOM3","NotAvailable"
"Conn_01x05","J2","Connector_PinHeader_2.54mm:PinHeader_1x05_P2.54mm_Vertical","C2883762"
"1985807","J3,J4,J16,J17,J18","mainboard:SCREWTERMINAL-3.5MM-2_LOCK","NotAvailable"
"Amphenol_901-144","J5,J6,J7,J12","Connector_Coaxial:SMA_Amphenol_901-144_Vertical","NotAvailable"
"Conn_01x09","J8","Connector_PinHeader_2.54mm:PinHeader_1x09_P2.54mm_Vertical","C2883929"
"Conn_01x03","J9","Connector_PinHeader_2.54mm:PinHeader_1x03_P2.54mm_Vertical","C2883760"
"Jumper_3_Bridged12","JP6,JP7","mainboard:SolderJumper-3_P1.3mm_Bridged12_RoundedPad1.0x1.5mm",""
"Conn_01x03","JP8,JP9,JP10,JP11,JP12,JP13,JP14,JP15","mainboard:MOLEX-1X3_LOCK","NotAvailable"
"10uH","L1","Inductor_SMD:L_0805_2012Metric_Pad1.15x1.40mm_HandSolder","C88173"
"3.3uH","L2","mainboard:L_2141","NotAvailable"
"33uH","L3","Inductor_SMD:L_1812_4532Metric","NotAvailable"
"1uH","L4","mainboard:L_2510","NotAvailable"
"IRLML2803","Q1,Q4,Q5","mainboard:SOT-23","C2590"
"MMDT2907","Q11","Package_TO_SOT_SMD:SOT-363_SC-70-6","C414226"
"BSS138DWQ-7","Q12,Q13,Q18,Q19","mainboard:BSS138DWQ-7","C3280240"
"MMBT2907","Q17","Package_TO_SOT_SMD:SOT-23","C2914421"
"NDS8434","Q20,Q21,Q22","mainboard:NDS8434","NotAvailable"
"MMBT2222AT","Q6","mainboard:SOT-23","C190608"
"MBT2222ADW1T1","Q2,Q3,Q7,Q8,Q15,Q16","Package_TO_SOT_SMD:SOT-363_SC-70-6","C559075"
"316K","R1","Resistor_SMD:R_0603_1608Metric","C844550"
"787K","R11","Resistor_SMD:R_0603_1608Metric","C246008"
"20K","R110","Resistor_SMD:R_0603_1608Metric","C2076573"
"121K","R12","Resistor_SMD:R_0603_1608Metric","C2992526"
"73.2K","R13,R29","Resistor_SMD:R_0603_1608Metric","C844180"
"22.1K","R14","Resistor_SMD:R_0603_1608Metric","C844759"
"845K","R16","Resistor_SMD:R_0603_1608Metric","C2091473"
"100k","R17,R18,R37,R38","Resistor_SMD:R_0603_1608Metric","C5369222"
"2.1M","R19","Resistor_SMD:R_0603_1608Metric","C2085910"
"110K","R2","Resistor_SMD:R_0603_1608Metric","C137807"
"3.01K","R20","Resistor_SMD:R_0603_1608Metric","C2075334"
"3.3K","R23,R59","Resistor_SMD:R_0603_1608Metric","C844782"
"10K","R3,R4,R21,R24,R31,R44,R45,R46,R52,R55,R61,R62,R66,R67,R82,R83,R84,R85","Resistor_SMD:R_0603_1608Metric","C1511834"
"5.23K","R34","Resistor_SMD:R_0603_1608Metric","C849180"
"30.1K","R35","Resistor_SMD:R_0603_1608Metric","C844775"
"3.16K","R36","Resistor_SMD:R_0603_1608Metric","C185333"
"5.1k","R39,R40","Resistor_SMD:R_0603_1608Metric","C105580"
"0","R10,R48,R53,R97,R98,R99,R101,R104,R107,R108,R109","Resistor_SMD:R_0603_1608Metric","C2654002"
"0","R54,R56,R57,R58","Resistor_SMD:R_0805_2012Metric","C3988417"
"4.7k","R6,R32,R33,R60,R92","Resistor_SMD:R_0603_1608Metric","C844773"
"1K","R26,R63,R64,R69,R70,R77,R78","Resistor_SMD:R_0603_1608Metric","C844746"
"4.7K","R22,R68","Resistor_SMD:R_0603_1608Metric","C844773"
"10k","R5,R7,R25,R27,R28,R41,R42,R43,R50,R51","Resistor_SMD:R_0603_1608Metric","C1511834"
"680","R71,R72,R86,R87","Resistor_SMD:R_0603_1608Metric","C4244464"
"100K","R15,R30,R49,R73,R74,R93,R94","Resistor_SMD:R_0603_1608Metric","C5369222"
"200K","R47,R75,R76,R95,R96","Resistor_SMD:R_0603_1608Metric","C1854765"
"0.1","R8","Resistor_SMD:R_2512_6332Metric","C4240903"
"107K","R9","Resistor_SMD:R_0603_1608Metric",""
"KMR231NG LFS","SW1","mainboard:BTN_KMR2_4.6X2.8",""
"MAX706RESA","U1","Package_SO:SO-8_3.9x4.9mm_P1.27mm","C28380"
"EP2W+","U13","mainboard:QFN32-5X5MM",""
"S1216V8","U14","mainboard:S1216_24PIN_PACKAGE",""
"RFM9xBreakout","U15,U20","RF_Module:HOPERF_RFM9XW_SMD",""
"PE014006","U16","mainboard:RELAY_PE014006","NotAvailable"
"BQ25883RGER","U17","mainboard:QFN50P400X400X100-25N-D","NotAvailable"
"ATSAMD51J19A-AU","U2","mainboard:QFP50P1200X1200X120-64N","C619214"
"TPS7A4501DCQT","U21","mainboard:TPS7A4501DCQT","NotAvailable"
"RFM98PW","U23,U24","mainboard:RFM95PW","NotAvailable"
"BMX160","U3","mainboard:BMX160","C2655104"
"ADM1176-1ARMZ-R7","U4","mainboard:ADM1176-1ARMZ-R7","NotAvailable"
"TPS54226PWPRPWP14_2P31X2P46-L","U5","mainboard:PWP14_2P31X2P46-L","NotAvailable"
"LTC4121","U6","mainboard:QFN-16-PAD","C687336"
"KF50BD-TR","U7","mainboard:SOIC127P600X175-8N","NotAvailable"
"MR25H40MDF","U8","mainboard:SON127P600X500X90-9N","NotAvailable"
"XTB-40","U9,U10,U11,U12","mainboard:XTB40_payload",""
"32.768kHz","Y1","Crystal:Crystal_SMD_3215-2Pin_3.2x1.5mm","C32346"